,ID,count,lat,long,ilon,ilat
0,62601,120,-31.2250000538,-70.8750011025,122,515
1,62821,323,-31.2749999623,-70.8750010956,122,514
2,63472,191,-31.4249996506,-71.3250001979,113,511
3,63692,459,-31.4749995437,-71.325000191,113,510
4,63693,864,-31.4749995403,-71.2750002807,114,510
5,63694,419,-31.4749995308,-71.2250003877,115,510
6,63703,538,-31.4749995378,-70.7750012846,124,510
7,63922,441,-31.5249994655,-70.8250011801,123,509
8,64134,119,-31.5749993522,-71.2250003879,115,508
9,64141,223,-31.5749993479,-70.875001096,122,508
10,64142,152,-31.574999351,-70.8250011732,123,508
11,64143,590,-31.5749993452,-70.7750012848,124,508
12,64349,225,-31.624999254,-71.474999906,110,507
13,64350,274,-31.6249992784,-71.4250000109,111,507
14,64568,296,-31.6749991616,-71.5249998035,109,506
15,64569,1526,-31.6749991481,-71.47499992,110,506
16,64570,666,-31.6749991518,-71.425000011,111,506
17,64571,2481,-31.6749991653,-71.3750000926,112,506
18,64572,173,-31.6749991667,-71.3250001913,113,506
19,64578,246,-31.6749991353,-71.0250007682,119,506
20,64583,566,-31.6749991364,-70.775001278,124,506
21,64585,309,-31.6749991568,-70.6750015056,126,506
22,64788,464,-31.7249990616,-71.5249998036,109,505
23,64789,3895,-31.7249990562,-71.4749999061,110,505
24,64790,5167,-31.7249990382,-71.4250000111,111,505
25,64791,2693,-31.7249990422,-71.3750001067,112,505
26,64792,3325,-31.7249990463,-71.3250001914,113,505
27,64797,147,-31.724999042,-71.0750006958,118,505
28,64801,325,-31.7249990434,-70.8750010963,122,505
29,64802,562,-31.7249990388,-70.8250011874,123,505
30,64803,298,-31.7249990396,-70.7750012781,124,505
31,64804,395,-31.7249990366,-70.7250013828,125,505
32,65010,4015,-31.7749989422,-71.4250000112,111,504
33,65011,6575,-31.7749989357,-71.3750000928,112,504
34,65012,4233,-31.7749989413,-71.3250001915,113,504
35,65013,262,-31.7749989514,-71.2750002812,114,504
36,65016,237,-31.7749989553,-71.125000615,117,504
37,65017,171,-31.7749989369,-71.0750007028,118,504
38,65024,119,-31.7749989413,-70.725001376,125,504
39,65025,298,-31.7749989629,-70.6750015128,126,504
40,65026,178,-31.7749989601,-70.625001647,127,504
41,65229,2510,-31.8249988273,-71.4749999133,110,503
42,65230,5627,-31.8249988259,-71.4250000113,111,503
43,65231,6441,-31.8249988288,-71.3750000999,112,503
44,65232,1421,-31.8249988349,-71.3250001985,113,503
45,65233,1991,-31.8249988576,-71.2750002743,114,503
46,65236,1208,-31.8249988666,-71.1250006151,117,503
47,65237,518,-31.8249988459,-71.075000696,118,503
48,65242,433,-31.8249988468,-70.8250011736,123,503
49,65244,341,-31.8249988523,-70.725001383,125,503
50,65245,168,-31.8249988824,-70.6750015128,126,503
51,65449,260,-31.8749987408,-71.4749999064,110,502
52,65450,1036,-31.8749987354,-71.4250000113,111,502
53,65451,653,-31.8749987465,-71.375000093,112,502
54,65452,472,-31.8749987312,-71.3250001986,113,502
55,65453,2300,-31.8749987443,-71.2750002814,114,502
56,65454,722,-31.874998764,-71.2250003814,115,502
57,65455,774,-31.874998761,-71.1750004934,116,502
58,65456,1365,-31.8749987552,-71.1250006152,117,502
59,65457,515,-31.874998752,-71.0750006961,118,502
60,65458,206,-31.8749987499,-71.0250007685,119,502
61,65462,137,-31.8749987465,-70.8250011807,123,502
62,65463,305,-31.8749987442,-70.7750012783,124,502
63,65465,143,-31.874998769,-70.6750015129,126,502
64,65466,136,-31.8749987425,-70.6250016402,127,502
65,65467,235,-31.8749987399,-70.5750017057,128,502
66,65669,1014,-31.924998643,-71.4749999135,110,501
67,65670,4631,-31.9249986327,-71.4250000114,111,501
68,65671,3505,-31.9249986509,-71.3750001,112,501
69,65672,3039,-31.9249986548,-71.3250001848,113,501
70,65673,842,-31.9249986573,-71.2750002885,114,501
71,65675,728,-31.924998647,-71.1750004865,116,501
72,65676,304,-31.9249986456,-71.1250006083,117,501
73,65677,771,-31.9249986588,-71.0750007031,118,501
74,65889,4946,-31.9749985588,-71.4749998996,110,500
75,65890,11200,-31.9749985424,-71.4250000185,111,500
76,65891,7807,-31.9749985456,-71.3750000932,112,500
77,65892,4036,-31.9749985675,-71.3250001988,113,500
78,65893,4094,-31.9749985583,-71.2750002816,114,500
79,65894,270,-31.9749985377,-71.2250003816,115,500
80,65895,122,-31.9749985396,-71.1750004866,116,500
81,65898,173,-31.9749985604,-71.0250007687,119,500
82,66109,4810,-32.0249984707,-71.4749999137,110,499
83,66110,5887,-32.0249984679,-71.4250000047,111,499
84,66111,4891,-32.024998455,-71.3750001072,112,499
85,66112,4713,-32.0249984519,-71.325000192,113,499
86,66113,3372,-32.0249984506,-71.2750002747,114,499
87,66114,5591,-32.0249984501,-71.2250003887,115,499
88,66115,1788,-32.0249984629,-71.1750004867,116,499
89,66116,349,-32.0249984669,-71.1250006225,117,499
90,66329,3350,-32.0749983612,-71.4749999068,110,498
91,66330,3873,-32.0749983707,-71.4250000117,111,498
92,66331,2768,-32.0749983613,-71.3750000934,112,498
93,66332,2809,-32.0749983321,-71.325000199,113,498
94,66333,3022,-32.0749983376,-71.2750002818,114,498
95,66334,2357,-32.0749983558,-71.2250003818,115,498
96,66335,1175,-32.0749983576,-71.1750004937,116,498
97,66336,1281,-32.0749983416,-71.1250006086,117,498
98,66337,1353,-32.0749983341,-71.0750006965,118,498
99,66343,185,-32.0749983539,-70.7750012857,124,498
100,66347,120,-32.0749983445,-70.5750017131,128,498
101,66549,134,-32.1249982541,-71.4749999139,110,497
102,66551,501,-32.1249982678,-71.3750000935,112,497
103,66552,605,-32.124998253,-71.3250001922,113,497
104,66553,1444,-32.1249982431,-71.2750002819,114,497
105,66554,589,-32.124998258,-71.2250003889,115,497
106,66556,129,-32.1249982311,-71.1250006157,117,497
107,66557,193,-32.1249982351,-71.0750007035,118,497
108,66768,474,-32.174998156,-71.5249998115,109,496
109,66769,4234,-32.1749981527,-71.474999907,110,496
110,66770,6895,-32.1749981415,-71.4250000119,111,496
111,66771,2055,-32.1749981565,-71.3750001005,112,496
112,66772,4241,-32.1749981547,-71.3250001923,113,496
113,66773,2360,-32.1749981491,-71.275000282,114,496
114,66774,3378,-32.1749981593,-71.2250003821,115,496
115,66775,725,-32.1749981561,-71.175000487,116,496
116,66776,658,-32.1749981381,-71.1250006158,117,496
117,66989,422,-32.2249980385,-71.4749999071,110,495
118,66990,5067,-32.224998036,-71.4250000121,111,495
119,66991,10644,-32.2249980507,-71.3750000937,112,495
120,66992,13226,-32.2249980608,-71.3250001924,113,495
121,66993,11502,-32.2249980582,-71.2750002821,114,495
122,66994,5557,-32.2249980625,-71.2250003891,115,495
123,66995,4974,-32.2249980653,-71.1750004871,116,495
124,66997,269,-32.2249980675,-71.0750007037,118,495
125,66998,118,-32.2249980497,-71.0250007693,119,495
126,67004,116,-32.2249980408,-70.7250013769,125,495
127,67005,125,-32.2249980326,-70.6750015137,126,495
128,67210,2291,-32.2749979399,-71.4250000122,111,494
129,67211,2012,-32.2749979532,-71.3750001008,112,494
130,67212,3178,-32.2749979738,-71.3250001925,113,494
131,67213,4674,-32.2749979729,-71.2750002822,114,494
132,67214,2125,-32.2749979699,-71.2250003823,115,494
133,67215,5153,-32.2749979566,-71.1750004942,116,494
134,67217,237,-32.2749979622,-71.0750006969,118,494
135,67225,248,-32.2749979531,-70.6750015068,126,494
136,67226,139,-32.2749979504,-70.625001648,127,494
137,67430,690,-32.3249978557,-71.4250000123,111,493
138,67432,2275,-32.3249978542,-71.3250001926,113,493
139,67433,722,-32.3249978536,-71.2750002824,114,493
140,67435,3495,-32.3249978529,-71.1750004873,116,493
141,67436,2914,-32.3249978222,-71.1250006161,117,493
142,67438,580,-32.324997858,-71.0250007764,119,493
143,67439,2132,-32.3249978446,-70.9750008906,120,493
144,67441,135,-32.3249978492,-70.8750010975,122,493
145,67652,126,-32.3749999757,-71.3250001997,113,492
146,67653,2256,-32.3749999736,-71.2750002756,114,492
147,67654,3745,-32.3749999933,-71.2250003895,115,492
148,67655,1236,-32.3749999849,-71.1750004875,116,492
149,67656,988,-32.3749999676,-71.1250006094,117,492
150,67657,261,-32.3749999881,-71.0750007041,118,492
151,67658,587,-32.3749999824,-71.0250007697,119,492
152,67659,2253,-32.3749999762,-70.9750008908,120,492
153,67660,1219,-32.3749999745,-70.9250010161,121,492
154,67661,343,-32.374999968,-70.8750010908,122,492
155,67870,1005,-32.4250021286,-71.4250000056,111,491
156,67873,5687,-32.4250021041,-71.2750002826,114,491
157,67874,3355,-32.4250021121,-71.2250003896,115,491
158,67875,5436,-32.4250021038,-71.1750004806,116,491
159,67876,2077,-32.4250021194,-71.1250006164,117,491
160,67877,145,-32.4250021221,-71.0750007042,118,491
161,67882,333,-32.4250021137,-70.8250011749,123,491
162,68090,3145,-32.4750020269,-71.4250000126,111,490
163,68091,1294,-32.4750020198,-71.3750001012,112,490
164,68092,1439,-32.4750020055,-71.325000186,113,490
165,68093,1645,-32.4750020175,-71.2750002827,114,490
166,68094,2527,-32.4750020128,-71.2250003827,115,490
167,68095,394,-32.4750020036,-71.1750004946,116,490
168,68096,1067,-32.4750020094,-71.1250006165,117,490
169,68097,3267,-32.4750019934,-71.0750006974,118,490
170,68098,1520,-32.4750019955,-71.0250007698,119,490
171,68100,135,-32.4750020115,-70.9250010093,121,490
172,68101,307,-32.4750020001,-70.875001091,122,490
173,68102,379,-32.4750020051,-70.825001182,123,490
174,68309,2396,-32.5250019034,-71.4749999078,110,489
175,68310,8635,-32.5250019234,-71.4250000127,111,489
176,68311,10006,-32.5250019079,-71.3750000944,112,489
177,68312,1546,-32.5250018972,-71.3250002,113,489
178,68313,1056,-32.5250019039,-71.2750002828,114,489
179,68314,5877,-32.5250019058,-71.2250003829,115,489
180,68315,3849,-32.5250019152,-71.1750004809,116,489
181,68316,10057,-32.5250019097,-71.1250006166,117,489
182,68317,5769,-32.5250018943,-71.0750006975,118,489
183,68318,2642,-32.525001888,-71.0250007769,119,489
184,68319,1016,-32.5250018959,-70.9750008911,120,489
185,68320,172,-32.5250019017,-70.9250010094,121,489
186,68321,2149,-32.5250019171,-70.875001098,122,489
187,68322,656,-32.5250019189,-70.8250011821,123,489
188,68530,12587,-32.5750017985,-71.4250000129,111,488
189,68531,10735,-32.575001794,-71.3750000945,112,488
190,68532,371,-32.5750017854,-71.3250001932,113,488
191,68533,854,-32.5750017854,-71.275000276,114,488
192,68534,6091,-32.5750017925,-71.2250003899,115,488
193,68535,14262,-32.575001819,-71.1750004879,116,488
194,68536,10384,-32.5750018216,-71.1250006167,117,488
195,68537,5666,-32.5750018053,-71.0750006976,118,488
196,68538,944,-32.5750018099,-71.0250007632,119,488
197,68539,2231,-32.5750018195,-70.9750008981,120,488
198,68540,206,-32.5750018182,-70.9250010165,121,488
199,68542,472,-32.5750018145,-70.8250011753,123,488
200,68546,113,-32.5750018099,-70.6250016487,127,488
201,68750,1502,-32.625001695,-71.425000013,111,487
202,68751,3939,-32.6250017,-71.3750000946,112,487
203,68752,2093,-32.6250017129,-71.3250001933,113,487
204,68753,10994,-32.6250017046,-71.27500029,114,487
205,68754,11615,-32.6250016946,-71.2250003831,115,487
206,68755,10318,-32.6250017158,-71.1750004881,116,487
207,68756,8271,-32.625001725,-71.1250006099,117,487
208,68757,115,-32.6250017064,-71.0750007047,118,487
209,68758,598,-32.6250017203,-71.0250007702,119,487
210,68759,1578,-32.6250017303,-70.9750008983,120,487
211,68760,1025,-32.6250017203,-70.9250010028,121,487
212,68762,114,-32.6250017133,-70.8250011823,123,487
213,68763,192,-32.6250017117,-70.77500128,124,487
214,68767,175,-32.6250016819,-70.5750017144,128,487
215,68970,1236,-32.6750016138,-71.4250000131,111,486
216,68971,7342,-32.6750016059,-71.3750001017,112,486
217,68972,15321,-32.6750016179,-71.3250001934,113,486
218,68973,8772,-32.6750016,-71.2750002763,114,486
219,68974,3686,-32.6750015921,-71.2250003833,115,486
220,68975,1664,-32.6750016065,-71.1750004951,116,486
221,68976,7667,-32.6750016208,-71.1250006101,117,486
222,68977,5007,-32.675001619,-71.0750006979,118,486
223,68978,496,-32.67500162,-71.0250007704,119,486
224,68979,370,-32.6750016081,-70.9750008984,120,486
225,68980,167,-32.6750016085,-70.9250010098,121,486
226,68981,235,-32.6750016327,-70.8750010984,122,486
227,68982,268,-32.6750016161,-70.8250011756,123,486
228,68988,190,-32.6750015937,-70.5250017883,129,486
229,69190,485,-32.7250015139,-71.4250000132,111,485
230,69191,4578,-32.7250014916,-71.3750000949,112,485
231,69192,13579,-32.7250015013,-71.3250001936,113,485
232,69193,13241,-32.7250014928,-71.2750002833,114,485
233,69194,355,-32.7250015063,-71.2250003834,115,485
234,69195,2140,-32.7250015125,-71.1750004883,116,485
235,69196,9199,-32.7250015095,-71.1250006171,117,485
236,69197,8330,-32.725001523,-71.075000698,118,485
237,69198,1509,-32.7250015302,-71.0250007705,119,485
238,69199,877,-32.7250015156,-70.9750008916,120,485
239,69201,283,-32.7250015075,-70.8750010985,122,485
240,69202,608,-32.7250015023,-70.8250011757,123,485
241,69208,140,-32.7250015214,-70.5250017954,129,485
242,69209,665,-32.7250015303,-70.4750019018,130,485
243,69210,451,-32.7250015208,-70.4250020197,131,485
244,69408,193,-32.7750014078,-71.524999799,109,484
245,69409,292,-32.7750014167,-71.4749999154,110,484
246,69410,677,-32.7750014165,-71.4250000064,111,484
247,69411,1505,-32.7750013992,-71.375000102,112,484
248,69412,13679,-32.7750014049,-71.3250001937,113,484
249,69413,11417,-32.7750014044,-71.2750002765,114,484
250,69414,3719,-32.7750014169,-71.2250003904,115,484
251,69415,419,-32.7750014132,-71.1750004884,116,484
252,69416,15810,-32.7750014121,-71.1250006103,117,484
253,69417,15408,-32.7750014186,-71.0750007051,118,484
254,69418,7025,-32.7750014098,-71.0250007706,119,484
255,69429,134,-32.7750014394,-70.4750019019,130,484
256,69629,866,-32.8250013101,-71.4749999086,110,483
257,69630,3189,-32.8250013013,-71.4250000135,111,483
258,69631,14728,-32.8250012873,-71.3750000952,112,483
259,69632,21784,-32.8250012874,-71.3250001938,113,483
260,69633,8522,-32.8250012932,-71.2750002836,114,483
261,69634,660,-32.8250013032,-71.2250003836,115,483
262,69635,2694,-32.8250013088,-71.1750004817,116,483
263,69636,4565,-32.8250013081,-71.1250006243,117,483
264,69637,1969,-32.8250013058,-71.0750006914,118,483
265,69638,1158,-32.8250013001,-71.0250007707,119,483
266,69650,359,-32.8250013262,-70.42500202,131,483
267,69651,370,-32.8250013253,-70.3750021422,132,483
268,69652,297,-32.825001337,-70.3249999877,133,483
269,69849,2364,-32.875001208,-71.4749999087,110,482
270,69850,11366,-32.8750012097,-71.4250000067,111,482
271,69851,16679,-32.8750011974,-71.3750001022,112,482
272,69852,8220,-32.8750011903,-71.325000194,113,482
273,69853,1680,-32.8750012009,-71.2750002768,114,482
274,69855,7786,-32.8750012199,-71.1750004887,116,482
275,69856,4384,-32.8750012179,-71.1250006106,117,482
276,69857,4541,-32.8750012054,-71.0750007053,118,482
277,69858,3742,-32.8750012012,-71.0250007709,119,482
278,69859,129,-32.8750011894,-70.975000892,120,482
279,69871,146,-32.8750011997,-70.3750021354,132,482
280,70068,478,-32.9250011058,-71.5249998064,109,481
281,70069,1854,-32.925001131,-71.4749999089,110,481
282,70070,2250,-32.9250011416,-71.4250000138,111,481
283,70071,980,-32.9250011293,-71.3750000954,112,481
284,70072,612,-32.9250011135,-71.3250001941,113,481
285,70073,566,-32.9250011271,-71.2750002839,114,481
286,70074,6472,-32.9250011271,-71.2250003839,115,481
287,70075,13203,-32.9250011256,-71.1750004889,116,481
288,70076,5434,-32.9250011206,-71.1250006177,117,481
289,70077,7362,-32.9250010962,-71.0750006986,118,481
290,70078,4178,-32.9250010917,-71.0250007641,119,481
291,70079,1286,-32.9250010915,-70.9750008991,120,481
292,70080,698,-32.9250010996,-70.9250010105,121,481
293,70081,291,-32.9250011068,-70.8750010991,122,481
294,70089,129,-32.9250011218,-70.4750019023,130,481
295,70090,154,-32.9250010943,-70.4250020203,131,481
296,70092,390,-32.9250010851,-70.3249999949,133,481
297,70093,616,-32.9250010877,-70.2749978401,134,481
298,70288,1404,-32.9750010167,-71.5249998134,109,480
299,70289,1746,-32.9750010372,-71.474999909,110,480
300,70290,5635,-32.9750010343,-71.4250000139,111,480
301,70291,1474,-32.9750010204,-71.3750000956,112,480
302,70292,417,-32.9750010149,-71.3250001943,113,480
303,70293,3227,-32.9750010092,-71.275000284,114,480
304,70294,7606,-32.9750010018,-71.2250003841,115,480
305,70295,12703,-32.9750010045,-71.175000489,116,480
306,70296,15389,-32.9750010157,-71.125000604,117,480
307,70297,11189,-32.9750009984,-71.0750007056,118,480
308,70298,1176,-32.975000992,-71.0250007712,119,480
309,70299,2705,-32.9750010015,-70.9750008923,120,480
310,70300,5801,-32.9750010104,-70.9250010106,121,480
311,70301,643,-32.9750010091,-70.8750010992,122,480
312,70306,936,-32.9750010204,-70.6250016429,127,480
313,70307,323,-32.9750010105,-70.5750017085,128,480
314,70507,457,-33.0250009154,-71.5749997321,108,479
315,70508,552,-33.0250009121,-71.5249998066,109,479
316,70509,2823,-33.0250009261,-71.4749999091,110,479
317,70510,4503,-33.0250009287,-71.4250000071,111,479
318,70511,877,-33.0250009115,-71.3750001026,112,479
319,70512,793,-33.0250008939,-71.3250001944,113,479
320,70513,705,-33.025000888,-71.2750002772,114,479
321,70515,2002,-33.0250008975,-71.1750004891,116,479
322,70516,11738,-33.025000923,-71.1250006179,117,479
323,70517,13395,-33.0250009111,-71.0750006988,118,479
324,70518,6147,-33.0250008804,-71.0250007713,119,479
325,70519,1527,-33.025000898,-70.9750008924,120,479
326,70520,638,-33.0250009265,-70.9250010108,121,479
327,70527,242,-33.0250009115,-70.5750017155,128,479
328,70725,986,-33.0750008021,-71.6749994798,106,478
329,70726,3906,-33.0750007994,-71.6249996066,107,478
330,70727,4003,-33.0750007937,-71.5749997253,108,478
331,70728,4848,-33.075000791,-71.5249998137,109,478
332,70729,5078,-33.0750007969,-71.4749999093,110,478
333,70730,3838,-33.075000824,-71.4250000073,111,478
334,70731,422,-33.0750008226,-71.3750000959,112,478
335,70732,4991,-33.0750007912,-71.3250001945,113,478
336,70733,8562,-33.0750007833,-71.2750002843,114,478
337,70734,5603,-33.0750007972,-71.2250003844,115,478
338,70735,15736,-33.0750008035,-71.1750004893,116,478
339,70736,6678,-33.0750008209,-71.1250006112,117,478
340,70737,7306,-33.0750008127,-71.075000699,118,478
341,70738,5836,-33.0750007767,-71.0250007715,119,478
342,70739,6619,-33.0750008005,-70.9750008926,120,478
343,70740,191,-33.0750008263,-70.9250010178,121,478
344,70747,202,-33.0750008045,-70.5750017088,128,478
345,70944,869,-33.125000706,-71.7249993907,105,477
346,70945,2645,-33.1250007028,-71.6749994868,106,477
347,70946,8856,-33.1250006957,-71.624999593,107,477
348,70947,388,-33.1250006977,-71.5749997324,108,477
349,70948,538,-33.1250006939,-71.5249998069,109,477
350,70949,10568,-33.12500069,-71.4749999094,110,477
351,70950,9357,-33.1250007192,-71.4250000143,111,477
352,70951,5100,-33.1250007318,-71.375000096,112,477
353,70952,12995,-33.1250007055,-71.3250001947,113,477
354,70953,18530,-33.1250006939,-71.2750002775,114,477
355,70954,12600,-33.1250006952,-71.2250003914,115,477
356,70955,10967,-33.1250007007,-71.1750004825,116,477
357,70956,2817,-33.125000729,-71.1250006182,117,477
358,70957,10065,-33.1250007226,-71.0750006991,118,477
359,70958,499,-33.1250007002,-71.0250007647,119,477
360,70959,2245,-33.1250007079,-70.9750009065,120,477
361,70966,186,-33.125000713,-70.6250016433,127,477
362,70967,462,-33.1250007087,-70.5750017089,128,477
363,71165,7777,-33.1750005901,-71.6749994801,106,476
364,71166,2225,-33.1750005976,-71.6249996,107,476
365,71167,2007,-33.1750006056,-71.5749997325,108,476
366,71168,1326,-33.175000599,-71.5249998071,109,476
367,71169,4184,-33.1750006042,-71.4749999096,110,476
368,71170,10102,-33.1750006131,-71.4250000145,111,476
369,71171,20137,-33.1750006172,-71.3750000962,112,476
370,71172,8305,-33.175000615,-71.3250001879,113,476
371,71173,13806,-33.1750006185,-71.2750002846,114,476
372,71174,11292,-33.1750006055,-71.2250003846,115,476
373,71175,9917,-33.1750006083,-71.1750004896,116,476
374,71176,6504,-33.175000625,-71.1250006184,117,476
375,71177,5297,-33.1750006188,-71.0750006924,118,476
376,71178,3042,-33.1750006288,-71.0250007718,119,476
377,71179,1526,-33.1750006186,-70.9750008929,120,476
378,71180,3407,-33.1750006128,-70.9250010112,121,476
379,71187,289,-33.1750006223,-70.575001716,128,476
380,71188,353,-33.1750006241,-70.5250017966,129,476
381,71385,3417,-33.2250004833,-71.6749994802,106,475
382,71386,3808,-33.2250005038,-71.6249996002,107,475
383,71387,3513,-33.2250005159,-71.5749997258,108,475
384,71388,5992,-33.2250005047,-71.5249998141,109,475
385,71389,7740,-33.2250004967,-71.4749999097,110,475
386,71390,12105,-33.2250005041,-71.4250000077,111,475
387,71391,12710,-33.2250005186,-71.3750000963,112,475
388,71392,12966,-33.225000518,-71.3250002019,113,475
389,71393,22983,-33.2250005143,-71.2750002778,114,475
390,71394,13112,-33.2250005057,-71.2250003848,115,475
391,71395,7703,-33.2250005041,-71.1750004897,116,475
392,71396,11340,-33.2250005075,-71.1250006116,117,475
393,71397,4710,-33.2250005202,-71.0750006994,118,475
394,71398,3636,-33.2250005402,-71.0250007719,119,475
395,71399,3431,-33.2250005309,-70.975000893,120,475
396,71400,689,-33.225000517,-70.9250010183,121,475
397,71407,174,-33.2250005228,-70.5750017092,128,475
398,71408,147,-33.2250005048,-70.5250017899,129,475
399,71605,287,-33.2750004017,-71.6749994804,106,474
400,71606,3584,-33.2750004125,-71.6249996072,107,474
401,71607,4580,-33.275000427,-71.5749997259,108,474
402,71608,4887,-33.2750004302,-71.5249998074,109,474
403,71609,4176,-33.275000407,-71.4749999099,110,474
404,71610,5938,-33.2750004112,-71.4250000148,111,474
405,71611,3888,-33.2750004343,-71.3750000965,112,474
406,71612,11257,-33.2750004128,-71.3250001951,113,474
407,71613,6409,-33.2750004,-71.275000278,114,474
408,71614,16212,-33.2750004148,-71.225000385,115,474
409,71615,9067,-33.275000407,-71.1750004899,116,474
410,71616,5223,-33.2750004158,-71.1250006118,117,474
411,71617,9402,-33.275000425,-71.0750007065,118,474
412,71618,8095,-33.2750004324,-71.0250007652,119,474
413,71619,182,-33.2750004222,-70.9750009001,120,474
414,71620,267,-33.2750003983,-70.9250010047,121,474
415,71627,731,-33.2750004081,-70.5750017163,128,474
416,71628,1406,-33.2750004097,-70.5250017832,129,474
417,71629,711,-33.2750004041,-70.4750019034,130,474
418,71630,374,-33.2750004012,-70.4250020283,131,474
419,71826,2915,-33.3250003221,-71.6249995936,107,473
420,71827,3291,-33.3250003165,-71.5749997399,108,473
421,71828,7477,-33.3250003114,-71.5249998075,109,473
422,71829,5061,-33.3250003127,-71.4749999031,110,473
423,71830,1871,-33.3250003118,-71.4250000149,111,473
424,71831,1361,-33.3250003211,-71.3750000966,112,473
425,71832,2052,-33.3250003182,-71.3250001884,113,473
426,71833,15467,-33.3250003151,-71.275000285,114,473
427,71834,3110,-33.3250003307,-71.2250003851,115,473
428,71835,3022,-33.3250003148,-71.17500049,116,473
429,71836,2538,-33.3250003066,-71.1250006188,117,473
430,71837,10459,-33.3250003104,-71.0750006929,118,473
431,71838,3938,-33.325000324,-71.0250007722,119,473
432,71839,2927,-33.325000311,-70.9750008934,120,473
433,71840,1204,-33.3250002959,-70.9250010117,121,473
434,71847,573,-33.325000317,-70.5750017096,128,473
435,71848,836,-33.3250003156,-70.5250017971,129,473
436,71849,3507,-33.3250003184,-70.4750018967,130,473
437,71850,476,-33.3250003145,-70.4250020216,131,473
438,71851,123,-33.3250003135,-70.3750021368,132,473
439,71852,141,-33.3250003294,-70.3249999961,133,473
440,72045,426,-33.3750002235,-71.6749994807,106,472
441,72046,2650,-33.3750002303,-71.6249996006,107,472
442,72047,4953,-33.3750002235,-71.5749997262,108,472
443,72048,3137,-33.3750002084,-71.5249998077,109,472
444,72049,6272,-33.3750002115,-71.4749999171,110,472
445,72050,7436,-33.3750002038,-71.4250000082,111,472
446,72051,6434,-33.375000218,-71.3750000968,112,472
447,72052,6402,-33.3750002318,-71.3250001954,113,472
448,72053,7503,-33.375000216,-71.2750002852,114,472
449,72054,16459,-33.3750002099,-71.2250003853,115,472
450,72055,3034,-33.3750002046,-71.1750004833,116,472
451,72056,2396,-33.3750001982,-71.1250006121,117,472
452,72057,8102,-33.3750001947,-71.0750007068,118,472
453,72058,13013,-33.3750002127,-71.0250007655,119,472
454,72059,8112,-33.3750002156,-70.9750008935,120,472
455,72060,333,-33.3750002074,-70.9250010118,121,472
456,72069,795,-33.3750002086,-70.4750019037,130,472
457,72070,877,-33.3750002223,-70.4250020217,131,472
458,72071,1230,-33.3750002295,-70.375002137,132,472
459,72072,391,-33.3750002232,-70.3249999963,133,472
460,72265,813,-33.4250001226,-71.6749994808,106,471
461,72266,1227,-33.4250001351,-71.6249996008,107,471
462,72267,999,-33.4250001251,-71.5749997333,108,471
463,72268,649,-33.4250001188,-71.5249998079,109,471
464,72269,3708,-33.4250001219,-71.4749999035,110,471
465,72270,2824,-33.4250001054,-71.4250000152,111,471
466,72271,11299,-33.4250001226,-71.3750000969,112,471
467,72272,13039,-33.4250001307,-71.3250001956,113,471
468,72273,18022,-33.4250001002,-71.2750002785,114,471
469,72274,10184,-33.4250000912,-71.2250003854,115,471
470,72275,1204,-33.4250000947,-71.1750004904,116,471
471,72276,2144,-33.4250001086,-71.1250006123,117,471
472,72277,826,-33.425000096,-71.0750007001,118,471
473,72278,2589,-33.4250000958,-71.0250007725,119,471
474,72279,8376,-33.4250001127,-70.9750008937,120,471
475,72280,3524,-33.4250001094,-70.925001012,121,471
476,72289,1329,-33.425000113,-70.475001897,130,471
477,72486,581,-33.4750000131,-71.6249996009,107,470
478,72487,3827,-33.4749999981,-71.5749997266,108,470
479,72488,3545,-33.4749999987,-71.524999808,109,470
480,72489,1590,-33.4750000206,-71.4749999105,110,470
481,72490,3549,-33.4750000141,-71.4250000085,111,470
482,72491,8157,-33.4750000118,-71.375000104,112,470
483,72492,7828,-33.4750000122,-71.3250001889,113,470
484,72493,2061,-33.4750000063,-71.2750002786,114,470
485,72494,1848,-33.4750000131,-71.2250003856,115,470
486,72495,3845,-33.4750000028,-71.1750004905,116,470
487,72496,3012,-33.4750000146,-71.1250006124,117,470
488,72499,4992,-33.4749999996,-70.9750008938,120,470
489,72500,3647,-33.4749999993,-70.9250010122,121,470
490,72501,229,-33.4750000011,-70.8750010939,122,470
491,72508,792,-33.4750000126,-70.5250017839,129,470
492,72509,1143,-33.4750000286,-70.475001904,130,470
493,72707,716,-33.5249999017,-71.5749997267,108,469
494,72708,2618,-33.5249999073,-71.524999815,109,469
495,72709,2797,-33.5249999048,-71.4749999107,110,469
496,72710,8389,-33.5249999063,-71.4250000087,111,469
497,72711,9838,-33.5249999032,-71.3750000973,112,469
498,72712,4109,-33.524999894,-71.3250001959,113,469
499,72713,1793,-33.5249999109,-71.2750002788,114,469
500,72715,394,-33.524999926,-71.1750004838,116,469
501,72716,294,-33.5249999338,-71.1250006195,117,469
502,72717,778,-33.5249999176,-71.0750007004,118,469
503,72718,2573,-33.5249998958,-71.025000766,119,469
504,72719,2086,-33.5249999142,-70.975000894,120,469
505,72720,2787,-33.5249999149,-70.9250010123,121,469
506,72721,116,-33.5249999086,-70.8750011009,122,469
507,72728,787,-33.5249999151,-70.5250017909,129,469
508,72729,719,-33.5249999314,-70.4750019042,130,469
509,72730,1374,-33.5249999242,-70.4250020222,131,469
510,72731,874,-33.5249999235,-70.3750021306,132,469
511,72928,119,-33.574999821,-71.5249998083,109,468
512,72929,572,-33.5749998127,-71.4749999039,110,468
513,72930,513,-33.5749998203,-71.4250000157,111,468
514,72931,7236,-33.5749998145,-71.3750000974,112,468
515,72932,6011,-33.5749997936,-71.3250001961,113,468
516,72933,1262,-33.57499979,-71.2750002858,114,468
517,72935,588,-33.57499982,-71.175000484,116,468
518,72936,875,-33.5749998422,-71.1250006128,117,468
519,72937,2124,-33.574999811,-71.0750007006,118,468
520,72938,3012,-33.5749997857,-71.025000773,119,468
521,72939,3712,-33.5749998123,-70.9750008942,120,468
522,72940,2353,-33.5749998325,-70.9250010056,121,468
523,72948,2810,-33.5749998033,-70.5250017911,129,468
524,72949,5714,-33.5749998179,-70.4750018975,130,468
525,72950,5372,-33.5749998202,-70.4250020224,131,468
526,72951,4606,-33.5749998197,-70.3750021445,132,468
527,72952,610,-33.5749998277,-70.3249999901,133,468
528,73151,1577,-33.6249997216,-71.3750000976,112,467
529,73152,2075,-33.6249997077,-71.3250001894,113,467
530,73155,747,-33.6249997018,-71.1750004979,116,467
531,73156,6440,-33.624999716,-71.1250006129,117,467
532,73157,8419,-33.6249997089,-71.0750006939,118,467
533,73158,5484,-33.6249996987,-71.0250007663,119,467
534,73159,4824,-33.6249997107,-70.9750009012,120,467
535,73160,893,-33.624999728,-70.9250010127,121,467
536,73161,206,-33.62499972,-70.8750010944,122,467
537,73168,1940,-33.624999694,-70.5250017913,129,467
538,73169,6973,-33.6249997049,-70.4750019045,130,467
539,73170,1352,-33.6249997147,-70.4250020226,131,467
540,73171,801,-33.6249997122,-70.375002131,132,467
541,73172,1047,-33.6249997084,-70.3249999971,133,467
542,73369,1391,-33.6749996038,-71.4749999111,110,466
543,73370,6454,-33.6749996176,-71.4250000092,111,466
544,73371,592,-33.6749996209,-71.3750000978,112,466
545,73372,262,-33.6749996121,-71.3250001964,113,466
546,73373,424,-33.6749996234,-71.2750002793,114,466
547,73375,735,-33.674999609,-71.1750004843,116,466
548,73376,373,-33.6749996131,-71.1250006131,117,466
549,73377,3450,-33.6749996281,-71.0750007009,118,466
550,73378,1125,-33.6749996309,-71.0250007734,119,466
551,73379,742,-33.6749996264,-70.9750008945,120,466
552,73380,164,-33.674999618,-70.9250010128,121,466
553,73381,113,-33.6749996164,-70.8750010946,122,466
554,73382,232,-33.6749995983,-70.8250011786,123,466
555,73388,4785,-33.6749995833,-70.5250017914,129,466
556,73389,6368,-33.6749995883,-70.4750018979,130,466
557,73390,178,-33.6749996035,-70.4250020228,131,466
558,73391,859,-33.6749996174,-70.375002138,132,466
559,73392,839,-33.6749996202,-70.3249999905,133,466
560,73588,349,-33.7249994966,-71.5249998088,109,465
561,73589,5950,-33.7249995004,-71.4749999045,110,465
562,73590,3871,-33.7249995143,-71.4250000162,111,465
563,73591,1848,-33.7249995089,-71.3750000979,112,465
564,73592,1164,-33.724999503,-71.3250001897,113,465
565,73593,478,-33.7249995084,-71.2750002863,114,465
566,73594,781,-33.724999523,-71.2250003796,115,465
567,73595,3085,-33.7249995171,-71.1750004913,116,465
568,73596,7297,-33.7249995297,-71.1250006133,117,465
569,73597,2020,-33.7249995441,-71.0750007011,118,465
570,73598,1007,-33.7249995168,-71.0250007735,119,465
571,73599,1649,-33.7249995142,-70.9750008878,120,465
572,73600,647,-33.7249995192,-70.925001013,121,465
573,73602,1358,-33.7249995194,-70.8250011788,123,465
574,73605,527,-33.7249995323,-70.6750015111,126,465
575,73606,2462,-33.724999532,-70.6250016453,127,465
576,73607,225,-33.7249995021,-70.5750017109,128,465
577,73608,998,-33.7249994874,-70.5250017848,129,465
578,73609,9158,-33.724999505,-70.4750019049,130,465
579,73610,6217,-33.7249995233,-70.4250020229,131,465
580,73611,413,-33.7249995311,-70.3750021382,132,465
581,73612,806,-33.7249995178,-70.3249999975,133,465
582,73808,179,-33.7749994162,-71.524999809,109,464
583,73809,682,-33.7749994062,-71.4749999183,110,464
584,73810,1218,-33.7749993975,-71.4250000095,111,464
585,73811,1020,-33.7749994019,-71.3750000913,112,464
586,73812,206,-33.7749994175,-71.3250001968,113,464
587,73813,1492,-33.7749994149,-71.2750002796,114,464
588,73814,4861,-33.7749994127,-71.2250003934,115,464
589,73815,3239,-33.7749994016,-71.1750004847,116,464
590,73816,7117,-33.7749994204,-71.1250006135,117,464
591,73817,9471,-33.7749994322,-71.0750007012,118,464
592,73818,15810,-33.7749993932,-71.0250007669,119,464
593,73819,7194,-33.7749994109,-70.9750008949,120,464
594,73820,2208,-33.7749994272,-70.9250010132,121,464
595,73824,140,-33.7749994241,-70.7250013815,125,464
596,73825,134,-33.7749994418,-70.6750015113,126,464
597,73826,5010,-33.7749994388,-70.6250016386,127,464
598,73827,5956,-33.7749994173,-70.5750017111,128,464
599,73828,7942,-33.7749994019,-70.5250017986,129,464
600,73829,2167,-33.7749994094,-70.4750018982,130,464
601,73830,3934,-33.7749994287,-70.4250020231,131,464
602,73833,229,-33.7749993901,-70.2749978429,134,464
603,73834,128,-33.7749994041,-70.224997937,135,464
604,74031,202,-33.8249993163,-71.3750000983,112,463
605,74032,1542,-33.8249993308,-71.3250001969,113,463
606,74033,660,-33.8249993181,-71.2750002798,114,463
607,74034,9263,-33.8249993174,-71.2250003799,115,463
608,74035,16744,-33.824999299,-71.1750004917,116,463
609,74036,12832,-33.8249993016,-71.1250006205,117,463
610,74037,8249,-33.8249993085,-71.0750006946,118,463
611,74038,13895,-33.8249992968,-71.025000767,119,463
612,74039,13514,-33.8249993123,-70.9750009019,120,463
613,74040,7561,-33.8249993172,-70.9250010065,121,463
614,74041,4309,-33.8249993016,-70.8750010951,122,463
615,74042,490,-33.8249993037,-70.825001186,123,463
616,74043,397,-33.8249992999,-70.7750012769,124,463
617,74047,6332,-33.82499932,-70.5750017113,128,463
618,74048,4002,-33.8249993016,-70.5250017851,129,463
619,74054,153,-33.8249993134,-70.2249979372,135,463
620,74251,3190,-33.874999227,-71.3750000985,112,462
621,74252,12874,-33.8749992382,-71.3250001903,113,462
622,74253,2910,-33.8749992134,-71.2750002868,114,462
623,74254,5235,-33.8749992122,-71.225000387,115,462
624,74255,9054,-33.8749992048,-71.175000485,116,462
625,74256,17672,-33.874999189,-71.1250006138,117,462
626,74257,4787,-33.874999189,-71.0750007016,118,462
627,74258,3987,-33.8749992024,-71.0250007672,119,462
628,74259,6266,-33.8749992134,-70.9750008952,120,462
629,74260,6033,-33.8749992048,-70.9250010135,121,462
630,74261,2523,-33.8749992077,-70.8750010953,122,462
631,74262,5591,-33.8749991984,-70.8250011793,123,462
632,74263,4440,-33.8749991947,-70.7750012771,124,462
633,74264,113,-33.8749992066,-70.7250013819,125,462
634,74266,742,-33.874999216,-70.625001639,127,462
635,74267,9450,-33.874999205,-70.5750017115,128,462
636,74268,2301,-33.874999202,-70.5250017922,129,462
637,74472,11886,-33.9249991351,-71.3250001904,113,461
638,74473,8203,-33.9249991165,-71.2750002802,114,461
639,74474,4015,-33.9249990921,-71.2250003871,115,461
640,74475,7823,-33.9249990937,-71.1750004852,116,461
641,74476,14684,-33.9249990983,-71.125000614,117,461
642,74477,14422,-33.9249990893,-71.0750007018,118,461
643,74478,13771,-33.9249991051,-71.0250007674,119,461
644,74479,709,-33.92499913,-70.9750008954,120,461
645,74480,10178,-33.9249991057,-70.9250010137,121,461
646,74481,10470,-33.9249991042,-70.8750010955,122,461
647,74482,4608,-33.9249991021,-70.8250011795,123,461
648,74483,10156,-33.9249990963,-70.7750012841,124,461
649,74484,1526,-33.9249991173,-70.7250013821,125,461
650,74486,1257,-33.9249991174,-70.625001646,127,461
651,74487,6698,-33.9249991084,-70.5750017117,128,461
652,74488,2990,-33.924999098,-70.5250017923,129,461
653,74489,442,-33.924999103,-70.4750018988,130,461
654,74691,2368,-33.9749989978,-71.3750000988,112,460
655,74692,3398,-33.9749990165,-71.3250001975,113,460
656,74693,2685,-33.974999002,-71.2750002804,114,460
657,74694,5939,-33.9749989933,-71.2250003805,115,460
658,74695,13272,-33.9749990015,-71.1750004922,116,460
659,74696,17801,-33.9749990039,-71.1250006142,117,460
660,74697,11223,-33.9749990041,-71.0750006951,118,460
661,74698,8764,-33.9749990202,-71.0250007744,119,460
662,74699,1067,-33.9749990363,-70.9750008956,120,460
663,74700,309,-33.9749990146,-70.9250010071,121,460
664,74701,225,-33.9749990066,-70.8750011025,122,460
665,74703,7416,-33.9749989992,-70.7750012843,124,460
666,74704,2227,-33.9749990067,-70.7250013822,125,460
667,74706,1517,-33.974999034,-70.6250016394,127,460
668,74707,8633,-33.9749990247,-70.5750017119,128,460
669,74708,653,-33.9749990046,-70.5250017925,129,460
670,74709,166,-33.9749990111,-70.475001899,130,460
671,74912,2959,-34.0249989182,-71.3250001976,113,459
672,74913,11400,-34.0249989056,-71.2750002737,114,459
673,74914,6360,-34.0249989103,-71.2250003943,115,459
674,74915,6843,-34.0249989026,-71.1750004856,116,459
675,74916,3991,-34.0249989005,-71.1250006144,117,459
676,74917,5137,-34.0249989078,-71.0750007022,118,459
677,74918,9653,-34.0249989219,-71.0250007678,119,459
678,74919,10085,-34.0249989269,-70.9750008958,120,459
679,74920,13110,-34.0249989261,-70.9250010073,121,459
680,74921,3434,-34.0249989298,-70.8750010959,122,459
681,74922,1723,-34.0249989146,-70.8250011867,123,459
682,74923,11071,-34.0249988979,-70.7750012777,124,459
683,74924,2341,-34.0249989102,-70.7250013824,125,459
684,74927,5471,-34.0249989277,-70.5750017189,128,459
685,74928,5217,-34.0249988958,-70.5250017859,129,459
686,74929,2096,-34.0249989015,-70.475001906,130,459
687,75132,381,-34.0749988346,-71.325000191,113,458
688,75133,1624,-34.0749988217,-71.2750002876,114,458
689,75134,2781,-34.0749988172,-71.2250003809,115,458
690,75135,13370,-34.0749988117,-71.1750004858,116,458
691,75136,14240,-34.0749988234,-71.1250006146,117,458
692,75137,9318,-34.074998815,-71.0750007023,118,458
693,75138,4504,-34.0749988044,-71.0250007748,119,458
694,75139,1387,-34.0749988166,-70.9750008892,120,458
695,75140,1927,-34.0749988344,-70.9250010143,121,458
696,75141,7368,-34.0749988476,-70.8750010961,122,458
697,75142,6345,-34.0749988327,-70.8250011733,123,458
698,75143,1291,-34.0749988072,-70.7750012847,124,458
699,75146,375,-34.0749988285,-70.6250016466,127,458
700,75147,6224,-34.0749988117,-70.5750017054,128,458
701,75148,800,-34.0749987861,-70.5250017929,129,458
702,75352,9391,-34.1249987191,-71.3250001912,113,457
703,75353,9265,-34.1249987036,-71.2750002809,114,457
704,75354,15070,-34.1249987081,-71.225000381,115,457
705,75355,8030,-34.1249987231,-71.1750004928,116,457
706,75356,6684,-34.1249987259,-71.1250006147,117,457
707,75357,13331,-34.1249987201,-71.0750006957,118,457
708,75358,17092,-34.124998703,-71.0250007682,119,457
709,75359,11027,-34.1249987201,-70.9750008962,120,457
710,75360,2092,-34.1249987337,-70.9250010145,121,457
711,75361,6658,-34.1249987336,-70.8750010962,122,457
712,75363,150,-34.1249987211,-70.7750012781,124,457
713,75366,1837,-34.124998715,-70.62500164,127,457
714,75367,6082,-34.1249987114,-70.5750017124,128,457
715,75368,815,-34.1249987101,-70.5250017863,129,457
716,75559,293,-34.1749986153,-71.9749989182,100,456
717,75560,190,-34.1749986222,-71.9249989863,101,456
718,75572,858,-34.1749986067,-71.3250001982,113,456
719,75573,14831,-34.1749985864,-71.2750002811,114,456
720,75574,16182,-34.1749985976,-71.2250003881,115,456
721,75575,18596,-34.1749986104,-71.1750004861,116,456
722,75576,15603,-34.174998602,-71.1250006149,117,456
723,75577,5088,-34.1749986168,-71.0750006959,118,456
724,75578,10594,-34.1749986114,-71.0250007752,119,456
725,75579,14713,-34.1749986107,-70.9750008964,120,456
726,75580,12763,-34.1749986178,-70.9250010079,121,456
727,75581,6007,-34.1749986226,-70.8750010964,122,456
728,75586,4274,-34.1749986132,-70.6250016402,127,456
729,75587,6897,-34.1749986205,-70.5750017126,128,456
730,75588,2530,-34.1749986208,-70.5250017933,129,456
731,75589,1325,-34.1749986102,-70.4750018998,130,456
732,75590,441,-34.1749985979,-70.4250020246,131,456
733,75779,300,-34.2249984892,-71.9749989183,100,455
734,75780,766,-34.2249985,-71.9249989933,101,455
735,75781,115,-34.2249985074,-71.8749990837,102,455
736,75782,209,-34.2249985036,-71.8249992061,103,455
737,75791,133,-34.224998523,-71.3750000997,112,455
738,75792,1377,-34.2249985117,-71.3250001916,113,455
739,75793,3225,-34.2249985047,-71.2750002745,114,455
740,75794,6890,-34.2249985202,-71.2250003883,115,455
741,75795,7423,-34.2249985081,-71.1750004932,116,455
742,75796,6250,-34.2249985066,-71.1250006083,117,455
743,75797,9920,-34.2249985194,-71.0750007097,118,455
744,75798,2126,-34.2249985028,-71.0250007617,119,455
745,75799,1232,-34.2249985024,-70.9750008966,120,455
746,75800,2287,-34.2249985008,-70.9250010149,121,455
747,75804,1790,-34.2249985042,-70.7250013832,125,455
748,75805,271,-34.224998501,-70.6750015062,126,455
749,75806,6559,-34.2249985166,-70.6250016472,127,455
750,75807,6969,-34.224998512,-70.5750017128,128,455
751,75808,3036,-34.2249985114,-70.5250017867,129,455
752,75809,3776,-34.2249985111,-70.4750019,130,455
753,75810,4033,-34.2249984997,-70.4250020248,131,455
754,75811,936,-34.2249985064,-70.3750021333,132,455
755,76000,826,-34.2749983956,-71.9249989935,101,454
756,76001,121,-34.2749983962,-71.8749990975,102,454
757,76002,324,-34.2749984179,-71.8249991994,103,454
758,76003,172,-34.2749984118,-71.7749993158,104,454
759,76012,4606,-34.274998407,-71.3250001918,113,454
760,76013,7684,-34.274998411,-71.2750002883,114,454
761,76014,14048,-34.2749984287,-71.2250003816,115,454
762,76015,11031,-34.2749984096,-71.1750004865,116,454
763,76016,13159,-34.2749984128,-71.1250006153,117,454
764,76017,2761,-34.2749984211,-71.0750006963,118,454
765,76018,178,-34.2749984116,-71.0250007687,119,454
766,76019,185,-34.2749984295,-70.9750008967,120,454
767,76020,561,-34.2749984167,-70.9250010083,121,454
768,76021,726,-34.2749984038,-70.8750011036,122,454
769,76024,4357,-34.2749984067,-70.7250013766,125,454
770,76025,4324,-34.2749984281,-70.6750015132,126,454
771,76026,6157,-34.2749984386,-70.6250016406,127,454
772,76027,8807,-34.2749984197,-70.575001713,128,454
773,76028,6052,-34.274998416,-70.5250017937,129,454
774,76029,3373,-34.2749984235,-70.4750019002,130,454
775,76030,5006,-34.2749984105,-70.425002025,131,454
776,76031,948,-34.2749984063,-70.3750021403,132,454
777,76032,128,-34.2749984154,-70.324999986,133,454
778,76220,1135,-34.3249983024,-71.9249989869,101,453
779,76221,219,-34.3249982939,-71.8749990909,102,453
780,76222,475,-34.3249983183,-71.8249992065,103,453
781,76231,674,-34.3249983212,-71.3750001001,112,453
782,76233,406,-34.3249982987,-71.2750002817,114,453
783,76234,9239,-34.3249982957,-71.2250003886,115,453
784,76235,10564,-34.3249983083,-71.1750004799,116,453
785,76236,143,-34.3249983137,-71.1250006223,117,453
786,76237,2655,-34.3249983153,-71.0750006965,118,453
787,76238,2551,-34.3249983104,-71.0250007757,119,453
788,76239,1124,-34.3249983239,-70.9750008901,120,453
789,76240,1277,-34.3249983384,-70.9250010085,121,453
790,76244,3454,-34.3249983053,-70.7250013904,125,453
791,76245,13671,-34.3249983285,-70.6750015066,126,453
792,76246,14542,-34.3249983519,-70.6250016408,127,453
793,76247,4195,-34.3249983367,-70.5750017132,128,453
794,76248,9500,-34.3249983273,-70.5250017871,129,453
795,76249,899,-34.3249983198,-70.4750019072,130,453
796,76250,5391,-34.3249983029,-70.4250020185,131,453
797,76251,2268,-34.3249983057,-70.3750021337,132,453
798,76440,351,-34.3749981933,-71.9249989939,101,452
799,76441,216,-34.3749981939,-71.8749990911,102,452
800,76442,121,-34.3749982188,-71.8249992066,103,452
801,76451,2364,-34.3749982026,-71.3750000935,112,452
802,76452,4144,-34.3749982031,-71.3250001922,113,452
803,76453,1550,-34.3749982016,-71.2750002819,114,452
804,76455,3648,-34.3749982175,-71.1750004937,116,452
805,76456,133,-34.3749982227,-71.1250006089,117,452
806,76457,216,-34.3749982151,-71.0750007035,118,452
807,76463,1464,-34.3749982127,-70.7750012859,124,452
808,76464,9583,-34.3749981926,-70.7250013838,125,452
809,76465,8612,-34.3749981949,-70.6750015136,126,452
810,76466,7020,-34.3749982288,-70.625001641,127,452
811,76467,4210,-34.3749982352,-70.5750017067,128,452
812,76468,4912,-34.374998238,-70.5250017941,129,452
813,76469,142,-34.3749982131,-70.4750019006,130,452
814,76470,1428,-34.3749981897,-70.4250020255,131,452
815,76471,1713,-34.3749982174,-70.3750021339,132,452
816,76472,1307,-34.3749982181,-70.3249999932,133,452
817,76659,149,-34.4249981187,-71.9749989191,100,451
818,76660,354,-34.4249981024,-71.9249989873,101,451
819,76661,449,-34.4249981097,-71.8749990913,102,451
820,76662,282,-34.4249981123,-71.8249992137,103,451
821,76671,255,-34.4249980969,-71.3750000937,112,451
822,76672,1153,-34.4249981101,-71.3250001992,113,451
823,76673,3721,-34.4249981126,-71.2750002753,114,451
824,76674,5562,-34.4249981223,-71.225000389,115,451
825,76675,776,-34.4249981298,-71.1750004871,116,451
826,76676,226,-34.4249981325,-71.1250006159,117,451
827,76677,751,-34.4249981338,-71.0750006969,118,451
828,76678,3286,-34.4249981105,-71.0250007693,119,451
829,76679,3961,-34.4249981079,-70.9750008973,120,451
830,76680,525,-34.4249981086,-70.9250010089,121,451
831,76682,243,-34.424998126,-70.8250011747,123,451
832,76683,3241,-34.4249981363,-70.7750012793,124,451
833,76684,12404,-34.4249981021,-70.725001384,125,451
834,76685,1317,-34.4249981012,-70.675001507,126,451
835,76686,2823,-34.4249981228,-70.625001648,127,451
836,76687,2222,-34.4249981279,-70.5750017137,128,451
837,76688,619,-34.4249981405,-70.5250017875,129,451
838,76690,215,-34.4249981041,-70.4250020189,131,451
839,76692,160,-34.4249981266,-70.3249999934,133,451
840,76880,521,-34.4749980223,-71.9249989943,101,450
841,76881,196,-34.4749980341,-71.8749990915,102,450
842,76882,127,-34.4749980326,-71.8249992002,103,450
843,76884,271,-34.474998039,-71.7249993954,105,450
844,76885,533,-34.474998017,-71.6749994846,106,450
845,76886,207,-34.4749980238,-71.6249995977,107,450
846,76887,475,-34.4749980305,-71.5749997302,108,450
847,76889,119,-34.4749980425,-71.4749999073,110,450
848,76892,407,-34.4749979997,-71.3250001926,113,450
849,76893,7929,-34.4749980036,-71.2750002823,114,450
850,76894,11015,-34.4749980263,-71.2250003824,115,450
851,76895,1512,-34.4749980378,-71.1750004873,116,450
852,76896,1506,-34.4749980355,-71.1250006161,117,450
853,76897,413,-34.4749980228,-71.0750007039,118,450
854,76898,1691,-34.4749980173,-71.0250007628,119,450
855,76899,690,-34.4749980234,-70.9750008976,120,450
856,76900,254,-34.4749980236,-70.9250010091,121,450
857,76902,3793,-34.4749980128,-70.8250011817,123,450
858,76903,5435,-34.474998036,-70.7750012795,124,450
859,76904,9145,-34.4749980258,-70.7250013774,125,450
860,76905,9691,-34.4749980194,-70.6750015208,126,450
861,76906,5538,-34.4749980262,-70.6250016346,127,450
862,77098,148,-34.5249979182,-72.0249988456,99,449
863,77100,593,-34.5249979049,-71.9249989877,101,449
864,77101,1088,-34.5249979187,-71.8749990917,102,449
865,77102,2346,-34.5249979311,-71.8249992072,103,449
866,77103,212,-34.5249979339,-71.7749993099,104,449
867,77105,182,-34.5249979257,-71.674999478,106,449
868,77106,1040,-34.5249979321,-71.6249996047,107,449
869,77107,631,-34.5249979297,-71.5749997304,108,449
870,77108,1530,-34.5249979231,-71.524999805,109,449
871,77109,916,-34.5249979379,-71.4749999143,110,449
872,77110,180,-34.5249979243,-71.4250000056,111,449
873,77112,1010,-34.5249978844,-71.3250001928,113,449
874,77113,14833,-34.5249978874,-71.2750002825,114,449
875,77114,4433,-34.5249979002,-71.2250003894,115,449
876,77115,1621,-34.5249979133,-71.1750004875,116,449
877,77116,8338,-34.524997924,-71.1250006095,117,449
878,77117,9008,-34.5249979152,-71.0750006973,118,449
879,77118,10588,-34.5249979046,-71.0250007765,119,449
880,77119,2955,-34.5249979169,-70.975000891,120,449
881,77121,3291,-34.5249979065,-70.8750010911,122,449
882,77122,9448,-34.5249979109,-70.8250011819,123,449
883,77123,10424,-34.5249979241,-70.7750012797,124,449
884,77124,9546,-34.5249979354,-70.7250013844,125,449
885,77125,8306,-34.524997921,-70.6750015074,126,449
886,77126,9238,-34.5249979104,-70.6250016484,127,449
887,77127,387,-34.5249979257,-70.5750017073,128,449
888,77318,130,-34.5750000596,-72.0249988458,99,448
889,77319,205,-34.5750000553,-71.9749989129,100,448
890,77320,190,-34.5750000296,-71.9249989948,101,448
891,77321,310,-34.5750000427,-71.874999092,102,448
892,77322,607,-34.5750000457,-71.8249992075,103,448
893,77323,425,-34.575000051,-71.7749993102,104,448
894,77324,116,-34.5750000707,-71.7249993958,105,448
895,77326,294,-34.5750000656,-71.6249995982,107,448
896,77327,1106,-34.5750000513,-71.5749997306,108,448
897,77328,408,-34.5750000443,-71.5249998121,109,448
898,77329,1431,-34.5750000499,-71.4749999078,110,448
899,77330,2031,-34.5750000387,-71.4250000126,111,448
900,77332,4661,-34.5750000179,-71.325000193,113,448
901,77333,11479,-34.5750000171,-71.2750002828,114,448
902,77334,9652,-34.5750000171,-71.2250003829,115,448
903,77335,11466,-34.5750000288,-71.1750004878,116,448
904,77336,13900,-34.5750000495,-71.1250006166,117,448
905,77337,12040,-34.5750000622,-71.0750006976,118,448
906,77338,6141,-34.5750000435,-71.02500077,119,448
907,77341,9822,-34.5750000279,-70.8750010981,122,448
908,77342,17685,-34.5750000488,-70.8250011754,123,448
909,77343,14107,-34.5750000491,-70.7750012868,124,448
910,77344,5809,-34.5750000383,-70.7250013847,125,448
911,77345,1026,-34.5750000331,-70.6750015077,126,448
912,77346,728,-34.5750000428,-70.6250016351,127,448
913,77347,152,-34.5750000489,-70.5750017211,128,448
914,77538,359,-34.6250021923,-72.024998846,99,447
915,77539,569,-34.6250022021,-71.9749989199,100,447
916,77540,680,-34.6250021818,-71.9249989881,101,447
917,77541,144,-34.6250021713,-71.8749990989,102,447
918,77544,373,-34.6250021789,-71.724999396,105,447
919,77545,1140,-34.6250021737,-71.6749994784,106,447
920,77546,991,-34.6250021916,-71.6249995983,107,447
921,77547,2764,-34.6250021833,-71.5749997308,108,447
922,77548,2135,-34.6250021735,-71.5249998054,109,447
923,77549,4070,-34.6250021879,-71.4749999079,110,447
924,77550,999,-34.6250021767,-71.4250000128,111,447
925,77552,2611,-34.6250021699,-71.3250002,113,447
926,77553,1480,-34.6250021628,-71.2750002761,114,447
927,77554,8700,-34.6250021679,-71.2250003898,115,447
928,77555,7960,-34.6250021757,-71.175000488,116,447
929,77556,1227,-34.6250021836,-71.1250006167,117,447
930,77558,1170,-34.6250021859,-71.0250007702,119,447
931,77561,5918,-34.6250021655,-70.8750011051,122,447
932,77562,18424,-34.6250021598,-70.8250011823,123,447
933,77563,17367,-34.6250021649,-70.7750012733,124,447
934,77564,7085,-34.6250021496,-70.7250013849,125,447
935,77565,155,-34.6250021512,-70.6750015079,126,447
936,77758,148,-34.6750020815,-72.024998853,99,446
937,77759,1019,-34.6750020829,-71.9749989133,100,446
938,77760,197,-34.6750020865,-71.9249989883,101,446
939,77761,182,-34.6750020709,-71.8749990923,102,446
940,77764,672,-34.675002052,-71.7249993962,105,446
941,77765,1722,-34.6750020479,-71.6749994854,106,446
942,77766,2457,-34.6750020785,-71.6249995985,107,446
943,77767,6838,-34.6750020944,-71.5749997242,108,446
944,77768,4279,-34.6750020798,-71.5249998192,109,446
945,77769,2841,-34.6750020805,-71.4749999081,110,446
946,77770,2353,-34.6750020876,-71.4250000062,111,446
947,77775,1225,-34.6750020649,-71.1750004882,116,446
948,77776,3302,-34.6750020782,-71.1250006102,117,446
949,77777,1693,-34.6750020857,-71.0750007047,118,446
950,77781,228,-34.6750020733,-70.8750010849,122,446
951,77782,3029,-34.6750020592,-70.8250011825,123,446
952,77783,5785,-34.675002067,-70.7750012803,124,446
953,77977,603,-34.7250019645,-72.0749987071,98,445
954,77978,1557,-34.7250019673,-72.0249988396,99,445
955,77979,313,-34.7250019782,-71.9749989203,100,445
956,77982,317,-34.7250019617,-71.824999208,103,445
957,77986,1127,-34.7250019829,-71.6249996055,107,445
958,77987,2142,-34.7250020002,-71.5749997312,108,445
959,77988,6442,-34.7250019783,-71.5249998058,109,445
960,77989,3523,-34.7250019629,-71.4749999083,110,445
961,77990,2001,-34.7250019856,-71.4250000132,111,445
962,77991,2312,-34.7250019966,-71.375000095,112,445
963,77992,2331,-34.7250019733,-71.3250001936,113,445
964,77995,1813,-34.7250019692,-71.1750004884,116,445
965,77996,7448,-34.7250019854,-71.1250006172,117,445
966,78000,4532,-34.7250019815,-70.9250010034,121,445
967,78001,4880,-34.7250019809,-70.8750011055,122,445
968,78002,7439,-34.725001976,-70.825001176,123,445
969,78003,7724,-34.7250019839,-70.7750012806,124,445
970,78004,3032,-34.7250019936,-70.7250013785,125,445
971,78196,343,-34.7750018659,-72.1249985964,97,444
972,78197,1445,-34.7750018633,-72.0749987005,98,444
973,78198,461,-34.7750018817,-72.0249988466,99,444
974,78199,1009,-34.7750018997,-71.9749989205,100,444
975,78201,376,-34.7750018696,-71.8749990995,102,444
976,78205,2755,-34.7750018679,-71.6749994858,106,444
977,78206,8561,-34.7750018756,-71.6249995989,107,444
978,78207,2774,-34.7750018919,-71.5749997246,108,444
979,78208,1990,-34.7750018804,-71.5249998128,109,444
980,78209,3966,-34.7750018667,-71.4749999085,110,444
981,78210,2401,-34.7750018823,-71.4250000134,111,444
982,78211,1622,-34.7750018976,-71.3750000952,112,444
983,78212,422,-34.77500189,-71.3250001938,113,444
984,78215,907,-34.7750018797,-71.1750004886,116,444
985,78216,128,-34.7750018758,-71.1250006174,117,444
986,78220,3724,-34.7750018841,-70.9250010104,121,444
987,78222,1588,-34.7750018605,-70.8250011762,123,444
988,78223,5296,-34.7750018658,-70.7750012875,124,444
989,78224,250,-34.7750018841,-70.7250013788,125,444
990,78416,1746,-34.8250017855,-72.1249985966,97,443
991,78417,505,-34.8250017842,-72.0749987007,98,443
992,78418,447,-34.8250017954,-72.0249988536,99,443
993,78419,403,-34.8250017977,-71.9749989139,100,443
994,78420,232,-34.8250017968,-71.9249989889,101,443
995,78421,684,-34.8250017714,-71.8749990929,102,443
996,78425,2139,-34.8250017551,-71.6749994792,106,443
997,78426,1617,-34.8250017679,-71.6249995991,107,443
998,78427,4174,-34.8250017805,-71.5749997384,108,443
999,78428,7375,-34.825001777,-71.5249997995,109,443
1000,78429,4278,-34.8250017624,-71.4749999155,110,443
1001,78430,2032,-34.8250017683,-71.4250000068,111,443
1002,78431,1056,-34.8250017854,-71.3750001022,112,443
1003,78434,640,-34.8250017776,-71.2250003907,115,443
1004,78438,129,-34.825001748,-71.025000771,119,443
1005,78439,721,-34.8250017635,-70.9750008923,120,443
1006,78440,13533,-34.8250017704,-70.9250010173,121,443
1007,78636,1349,-34.8750016798,-72.12499859,97,442
1008,78637,1772,-34.8750016773,-72.0749987077,98,442
1009,78638,2337,-34.8750016788,-72.0249988402,99,442
1010,78639,739,-34.8750016832,-71.9749989209,100,442
1011,78640,485,-34.8750016962,-71.9249989891,101,442
1012,78641,491,-34.875001676,-71.8749990931,102,442
1013,78645,717,-34.8750016553,-71.6749994862,106,442
1014,78646,2129,-34.8750016707,-71.6249995994,107,442
1015,78647,2646,-34.8750016772,-71.5749997251,108,442
1016,78648,3009,-34.875001679,-71.5249998133,109,442
1017,78649,1820,-34.8750016813,-71.4749999022,110,442
1018,78650,2547,-34.8750016748,-71.4250000206,111,442
1019,78651,124,-34.8750016707,-71.3750000956,112,442
1020,78654,184,-34.8750016679,-71.2250003774,115,442
1021,78658,227,-34.8750016613,-71.0250007645,119,442
1022,78659,4244,-34.8750016853,-70.9750008993,120,442
1023,78660,3962,-34.8750016712,-70.9250010108,121,442
1024,78855,962,-34.9250015693,-72.1749985382,96,441
1025,78856,1937,-34.9250015599,-72.124998597,97,441
1026,78857,3124,-34.9250015537,-72.0749987011,98,441
1027,78858,6793,-34.9250015633,-72.0249988472,99,441
1028,78859,3607,-34.9250015672,-71.9749989211,100,441
1029,78860,528,-34.9250015712,-71.9249989893,101,441
1030,78861,526,-34.9250015741,-71.8749990866,102,441
1031,78862,328,-34.9250015678,-71.8249992157,103,441
1032,78863,309,-34.9250015643,-71.7749993048,104,441
1033,78864,1121,-34.9250015551,-71.7249993972,105,441
1034,78865,113,-34.9250015591,-71.6749994796,106,441
1035,78866,321,-34.9250015744,-71.6249995996,107,441
1036,78868,152,-34.9250015766,-71.5249998135,109,441
1037,78869,3007,-34.9250015729,-71.4749999092,110,441
1038,78870,2141,-34.9250015718,-71.4250000073,111,441
1039,78871,976,-34.9250015643,-71.3750000958,112,441
1040,78872,263,-34.9250015681,-71.3250002012,113,441
1041,78879,9752,-34.9250015737,-70.9750008927,120,441
1042,78880,1439,-34.9250015766,-70.9250010043,121,441
1043,79075,699,-34.9750014842,-72.1749985317,96,440
1044,79076,867,-34.975001477,-72.1249985972,97,440
1045,79077,5670,-34.9750014645,-72.0749987013,98,440
1046,79078,8447,-34.9750014797,-72.0249988474,99,440
1047,79079,5997,-34.9750014806,-71.9749989146,100,440
1048,79080,1839,-34.975001473,-71.9249989963,101,440
1049,79081,1332,-34.975001476,-71.8749990935,102,440
1050,79082,990,-34.9750014613,-71.8249992023,103,440
1051,79083,1286,-34.975001461,-71.7749993118,104,440
1052,79084,1145,-34.9750014666,-71.7249993975,105,440
1053,79085,479,-34.9750014563,-71.6749994866,106,440
1054,79087,1733,-34.975001496,-71.5749997255,108,440
1055,79088,1746,-34.9750014803,-71.5249998069,109,440
1056,79089,2707,-34.9750014678,-71.4749999094,110,440
1057,79090,1839,-34.9750014696,-71.4250000143,111,440
1058,79095,155,-34.975001473,-71.1750004895,116,440
1059,79096,1155,-34.9750014643,-71.1250006115,117,440
1060,79097,406,-34.9750014564,-71.0750006993,118,440
1061,79098,456,-34.9750014668,-71.025000765,119,440
1062,79099,1395,-34.9750014591,-70.9750008997,120,440
1063,79100,156,-34.9750014762,-70.9250010113,121,440
1064,79295,278,-35.025001388,-72.1749985454,96,439
1065,79296,896,-35.0250013805,-72.1249985907,97,439
1066,79297,1257,-35.0250013795,-72.0749987015,98,439
1067,79298,3077,-35.0250013977,-72.0249988476,99,439
1068,79299,6100,-35.025001393,-71.9749989215,100,439
1069,79300,727,-35.0250013712,-71.9249989898,101,439
1070,79301,2290,-35.0250013718,-71.874999087,102,439
1071,79302,1829,-35.0250013663,-71.8249992093,103,439
1072,79303,2076,-35.0250013666,-71.774999312,104,439
1073,79304,630,-35.0250013844,-71.7249993909,105,439
1074,79305,538,-35.0250013776,-71.6749994801,106,439
1075,79306,1011,-35.0250013648,-71.6249996068,107,439
1076,79307,7952,-35.0250013776,-71.5749997325,108,439
1077,79308,6473,-35.0250013798,-71.5249998071,109,439
1078,79309,3561,-35.0250013763,-71.4749999096,110,439
1079,79315,353,-35.0250013498,-71.1750004897,116,439
1080,79316,5702,-35.0250013484,-71.1250006117,117,439
1081,79317,3603,-35.0250013591,-71.0750006995,118,439
1082,79318,2995,-35.0250013789,-71.0250007719,119,439
1083,79319,340,-35.0250013715,-70.9750008932,120,439
1084,79515,395,-35.075001291,-72.1749985321,96,438
1085,79516,2527,-35.0750012806,-72.1249985977,97,438
1086,79517,1748,-35.0750012885,-72.0749987017,98,438
1087,79518,620,-35.075001307,-72.0249988478,99,438
1088,79519,2742,-35.0750012941,-71.974998915,100,438
1089,79520,1290,-35.0750012759,-71.92499899,101,438
1090,79521,2748,-35.0750012715,-71.8749991008,102,438
1091,79522,3463,-35.0750012726,-71.824999196,103,438
1092,79523,5370,-35.0750012708,-71.774999319,104,438
1093,79524,3078,-35.0750012779,-71.7249993979,105,438
1094,79525,457,-35.0750012922,-71.6749994803,106,438
1095,79526,197,-35.0750012917,-71.6249995935,107,438
1096,79536,3700,-35.075001257,-71.125000612,117,438
1097,79537,9825,-35.0750012632,-71.0750007065,118,438
